{"cameraMode":{"drawMode":0,"name":"Shaded","section":"Shading Mode"},"sceneLighting":true,"audioPlay":false,"sceneViewState":{"showFog":true,"showMaterialUpdate":false,"showSkybox":false,"showFlares":true,"showImageEffects":false,"showParticleSystems":true},"in2DMode":false,"pivot":{"x":1.2813243865966797,"y":-4.941634654998779,"z":-1.1180267333984376},"rotation":{"x":0.22429995238780976,"y":0.637245237827301,"z":-0.20153741538524629,"w":0.7092188596725464},"size":20.7517147064209,"orthographic":false}