{"cameraMode":{"drawMode":0,"name":"Shaded","section":"Shading Mode"},"sceneLighting":true,"audioPlay":false,"sceneViewState":{"showFog":false,"showMaterialUpdate":false,"showSkybox":false,"showFlares":false,"showImageEffects":false,"showParticleSystems":false},"in2DMode":false,"pivot":{"x":-0.052776336669921878,"y":-0.2138066291809082,"z":1.0168471336364747},"rotation":{"x":0.10626137256622315,"y":-0.8584647178649902,"z":0.1978372037410736,"w":0.4610958397388458},"size":14.612147331237793,"orthographic":false}